Tree_Label,Phylum,SS,A,G,O,T,V,C,F,K,M,S
1Laevipil,Mollusca,0,0,0,0,0,0,0,0,0,0,0
Acanthoch,Mollusca,0,0,0,0,0,0,0,0,0,0,0
AF135482Carcharodon_carcharias,Chordata ,0,0,0,0,0,0,0,0,0,0,0
AF369055Polypterus,Chordata ,0,0,0,0,0,0,0,0,0,0,0
AF369057U15613_Polyodon_spathul,Chordata ,0,0,0,0,0,0,0,0,0,0,0
Agelenidae,Arthropoda ,1,0,0,0,1,1,1,1,0,0,0
Aliatypus,Arthropoda ,1,1,0,0,0,0,0,0,0,1,0
Alligator_mississipiensis,Chordata ,0,0,0,0,0,0,0,0,0,0,0
Anas_strepera,Chordata ,1,1,0,0,0,1,1,1,0,0,0
Anatoma,Mollusca,0,0,0,0,0,0,0,0,0,0,0
Anisakidae,Nematoda,0,0,0,0,0,0,0,0,0,0,0
Anodonta,Mollusca,0,0,0,0,0,0,0,0,0,0,0
Anomia,Mollusca,0,0,0,0,0,0,0,0,0,0,0
Anoplodact,Arthropoda ,0,0,0,0,0,0,0,0,0,0,0
Antalise,Mollusca,0,0,0,0,0,0,0,0,0,0,0
Antalisp,Mollusca,0,0,0,0,0,0,0,0,0,0,0
Antro,Arthropoda ,0,0,0,0,0,0,0,0,0,0,0
Aphonopelma,Arthropoda ,1,0,0,0,1,0,0,1,0,1,0
Aptscolberti,Arthropoda ,0,0,0,0,0,0,0,0,0,0,0
Arca,Mollusca,0,0,0,0,0,0,0,0,0,0,0
Archaeogna,Arthropoda ,0,0,0,0,0,0,0,0,0,0,0
Ascaridae,Nematoda,0,0,0,0,0,0,0,0,0,0,0
Aspidoscelis_tigris,Chordata ,1,0,0,0,1,1,1,1,0,0,0
Astarte,Mollusca,0,0,0,0,0,0,0,0,0,0,0
atom,Arthropoda ,0,0,0,0,0,0,0,0,0,0,0
AY308763Synodus_intermedius,Chordata ,0,0,0,0,0,0,0,0,0,0,0
AY308764Lampris_guttatus,Chordata ,0,0,0,0,0,0,0,0,0,0,0
AY308765Polymixia_japonica,Chordata ,0,0,0,0,0,0,0,0,0,0,0
AY308766Percopsis_transmontana,Chordata ,0,0,0,0,0,0,0,0,0,0,0
AY308768Perca_flavescens,Chordata ,1,0,0,0,0,1,0,1,0,0,0
AY308778Zenopsis_conchifer,Chordata ,0,0,0,0,0,0,0,0,0,0,0
AY380536Plecoglossus_altivelis,Chordata ,0,0,0,0,0,0,0,0,0,0,0
AY380542Esox_lucius,Chordata ,0,0,0,0,0,0,0,0,0,0,0
AY430199Amia_calva,Chordata ,0,0,0,0,0,0,0,0,0,0,0
AY430201Osteoglossum_bicirrhos,Chordata ,0,0,0,0,0,0,0,0,0,0,0
AY430202Albula_vulpes,Chordata ,0,0,0,0,0,0,0,0,0,0,0
AY430221Notoscopelus_kroyeri,Chordata ,0,0,0,0,0,0,0,0,0,0,0
AY438703Gonostoma_bathyphilum,Chordata ,0,0,0,0,0,0,0,0,0,0,0
AY443564Bathylagus_ochotensis,Chordata ,0,0,0,0,0,0,0,0,0,0,0
Balcis,Mollusca,0,0,0,0,0,0,0,0,0,0,0
bary,Arthropoda ,0,0,0,0,0,0,0,0,0,0,0
Bathypoly,Mollusca,0,0,0,0,0,0,0,0,0,0,0
Bla_Blaber,Arthropoda ,1,1,0,1,0,0,1,1,0,0,0
Bla_Blatti,Arthropoda ,1,0,0,1,0,0,0,0,0,1,0
Bla_Crypto,Arthropoda ,1,0,1,1,0,0,0,1,0,1,0
Bla_Ectobi,Arthropoda ,1,0,0,1,0,0,0,0,0,1,0
Bla_Noctic,Arthropoda ,0,0,0,0,0,0,0,0,0,0,0
Bla_Polyph,Arthropoda ,0,0,0,0,0,0,0,0,0,0,0
Boophilusm,Arthropoda ,1,0,0,1,0,0,0,0,0,1,0
Branchiost,Chordata ,0,0,0,0,0,0,0,0,0,0,0
Bugulaneri,Bryozoa ,0,0,0,0,0,0,0,0,0,0,0
Cadulus,Mollusca,0,0,0,0,0,0,0,0,0,0,0
Calisoga,Arthropoda ,0,0,0,0,0,0,0,0,0,0,0
Callochit,Mollusca,0,0,0,0,0,0,0,0,0,0,0
Carcinosco,Arthropoda ,0,0,0,0,0,0,0,0,0,0,0
Carcinusma,Arthropoda ,1,0,0,0,1,1,1,0,0,0,0
Cardital,Mollusca,0,0,0,0,0,0,0,0,0,0,0
Carinomamu,Nemertea,0,0,0,0,0,0,0,0,0,0,0
Chaetoder,Mollusca,0,0,0,0,0,0,0,0,0,0,0
Chaetopter,Annelida ,0,0,0,0,0,0,0,0,0,0,0
Charadrius_vociferus,Chordata ,1,1,0,0,0,1,1,1,0,0,0
Chiton,Mollusca,0,0,0,0,0,0,0,0,0,0,0
Cicurina,Arthropoda ,1,0,0,0,1,1,0,1,0,0,0
Cionaintes,Chordata ,0,0,0,0,0,0,0,0,0,0,0
Co_Ad_Amph,Arthropoda ,0,0,0,0,0,0,0,0,0,0,0
Co_Ad_Aspi,Arthropoda ,0,0,0,0,0,0,0,0,0,0,0
Co_Ad_Cara,Arthropoda ,1,0,1,0,0,0,0,1,0,0,0
Co_Ad_Dyti,Arthropoda ,0,0,0,0,0,0,0,0,0,0,0
Co_Ad_Gyri,Arthropoda ,0,0,0,0,0,0,0,0,0,0,0
Co_Ad_Hali,Arthropoda ,0,0,0,0,0,0,0,0,0,0,0
Co_Ad_Hygr,Arthropoda ,0,0,0,0,0,0,0,0,0,0,0
Co_Ad_Note,Arthropoda ,0,0,0,0,0,0,0,0,0,0,0
Co_Ad_Trac,Arthropoda ,0,0,0,0,0,0,0,0,0,0,0
Co_Ar_Cupe,Arthropoda ,0,0,0,0,0,0,0,0,0,0,0
Co_Ar_Micr,Arthropoda ,0,0,0,0,0,0,0,0,0,0,0
Co_Ar_Omma,Arthropoda ,0,0,0,0,0,0,0,0,0,0,0
Co_Myx_Hyd,Arthropoda ,0,0,0,0,0,0,0,0,0,0,0
Co_Myx_Lep,Arthropoda ,0,0,0,0,0,0,0,0,0,0,0
Co_Myx_Sph,Arthropoda ,0,0,0,0,0,0,0,0,0,0,0
Co_Myx_Tor,Arthropoda ,0,0,0,0,0,0,0,0,0,0,0
Co_P_Aderi,Arthropoda ,0,0,0,0,0,0,0,0,0,0,0
Co_P_Agyrt,Arthropoda ,0,0,0,0,0,0,0,0,0,0,0
Co_P_Alexi,Arthropoda ,0,0,0,0,0,0,0,0,0,0,0
Co_P_Anobi,Arthropoda ,1,0,0,0,1,0,0,1,0,0,0
Co_P_Anthi,Arthropoda ,1,0,1,0,0,0,0,1,0,0,0
Co_P_Anthr,Arthropoda ,1,0,0,0,1,1,1,0,0,0,0
Co_P_Artem,Arthropoda ,0,0,0,0,0,0,0,0,0,0,0
Co_P_Attel,Arthropoda ,0,0,0,0,0,0,0,0,0,0,0
Co_P_Belid,Arthropoda ,0,0,0,0,0,0,0,0,0,0,0
Co_P_Biphy,Arthropoda ,0,0,0,0,0,0,0,0,0,0,0
Co_P_Borid,Arthropoda ,0,0,0,0,0,0,0,0,0,0,0
Co_P_Bostr,Arthropoda ,1,0,0,0,1,0,0,1,0,0,0
Co_P_Bothr,Arthropoda ,0,0,0,0,0,0,0,0,0,0,0
Co_P_Brach,Arthropoda ,0,0,0,0,0,0,0,0,0,0,0
Co_P_Brent,Arthropoda ,1,0,0,0,1,1,1,0,0,0,0
Co_P_Bupre,Arthropoda ,1,0,0,0,1,0,0,1,0,0,0
Co_P_Byrrh,Arthropoda ,0,0,0,0,0,0,0,0,0,0,0
Co_P_Bytur,Arthropoda ,0,0,0,0,0,0,0,0,0,0,0
Co_P_Calli,Arthropoda ,0,0,0,0,0,0,0,0,0,0,0
Co_P_Canth,Arthropoda ,1,0,1,0,1,0,0,1,0,1,0
Co_P_Cepha,Arthropoda ,0,0,0,0,0,0,0,0,0,0,0
Co_P_Ceram,Arthropoda ,1,0,0,0,1,1,1,0,0,0,0
Co_P_Cerat,Arthropoda ,0,0,0,0,0,0,0,0,0,0,0
Co_P_Ceryl,Arthropoda ,0,0,0,0,0,0,0,0,0,0,0
Co_P_Chelo,Arthropoda ,0,0,0,0,0,0,0,0,0,0,0
Co_P_Chrys,Arthropoda ,1,0,0,0,1,1,1,0,0,0,0
Co_P_Ciida,Arthropoda ,1,0,0,0,1,0,1,0,0,0,0
Co_P_Clamb,Arthropoda ,0,0,0,0,0,0,0,0,0,0,0
Co_P_Cleri,Arthropoda ,1,0,0,1,0,0,0,0,0,1,0
Co_P_Cocci,Arthropoda ,1,0,0,0,1,1,0,1,0,0,0
Co_P_Coryl,Arthropoda ,0,0,0,0,0,0,0,0,0,0,0
Co_P_Crypt,Arthropoda ,0,0,0,0,0,0,0,0,0,0,0
Co_P_Cucuj,Arthropoda ,0,0,0,0,0,0,0,0,0,0,0
Co_P_Curcu,Arthropoda ,1,0,0,1,1,0,1,1,0,1,0
Co_P_Dasci,Arthropoda ,0,0,0,0,0,0,0,0,0,0,0
Co_P_Derme,Arthropoda ,1,0,0,1,0,0,0,0,0,1,0
Co_P_Derod,Arthropoda ,0,0,0,0,0,0,0,0,0,0,0
Co_P_Disco,Arthropoda ,0,0,0,0,0,0,0,0,0,0,0
Co_P_Drili,Arthropoda ,0,0,0,0,0,0,0,0,0,0,0
Co_P_Dryop,Arthropoda ,0,0,0,0,0,0,0,0,0,0,0
Co_P_Elate,Arthropoda ,1,0,0,0,0,1,0,1,0,1,0
Co_P_Elmid,Arthropoda ,0,0,0,0,0,0,0,0,0,0,0
Co_P_Endom,Arthropoda ,0,0,0,0,0,0,0,0,0,0,0
Co_P_Epime,Arthropoda ,0,0,0,0,0,0,0,0,0,0,0
Co_P_Eroty,Arthropoda ,0,0,0,0,0,0,0,0,0,0,0
Co_P_Eucin,Arthropoda ,0,0,0,0,0,0,0,0,0,0,0
Co_P_Eucne,Arthropoda ,0,0,0,0,0,0,0,0,0,0,0
Co_P_Eulic,Arthropoda ,0,0,0,0,0,0,0,0,0,0,0
Co_P_Geori,Arthropoda ,0,0,0,0,0,0,0,0,0,0,0
Co_P_Geotr,Arthropoda ,0,0,0,0,0,0,0,0,0,0,0
Co_P_Glaph,Arthropoda ,0,0,0,0,0,0,0,0,0,0,0
Co_P_Glare,Arthropoda ,0,0,0,0,0,0,0,0,0,0,0
Co_P_Helop,Arthropoda ,0,0,0,0,0,0,0,0,0,0,0
Co_P_Helot,Arthropoda ,0,0,0,0,0,0,0,0,0,0,0
Co_P_Heter,Arthropoda ,0,0,0,0,0,0,0,0,0,0,0
Co_P_Histe,Arthropoda ,0,0,0,0,0,0,0,0,0,0,0
Co_P_Hybos,Arthropoda ,0,0,0,0,0,0,0,0,0,0,0
Co_P_Hydra,Arthropoda ,0,0,0,0,0,0,0,0,0,0,0
Co_P_Hydroc,Arthropoda ,0,0,0,0,0,0,0,0,0,0,0
Co_P_Hydrop,Arthropoda ,0,0,0,0,0,0,0,0,0,0,0
Co_P_Ithyc,Arthropoda ,0,0,0,0,0,0,0,0,0,0,0
Co_P_Kater,Arthropoda ,0,0,0,0,0,0,0,0,0,0,0
Co_P_Laemo,Arthropoda ,0,0,0,0,0,0,0,0,0,0,0
Co_P_Lampy,Arthropoda ,1,0,0,0,0,1,0,1,0,0,0
Co_P_Langu,Arthropoda ,0,0,0,0,0,0,0,0,0,0,0
Co_P_Latri,Arthropoda ,0,0,0,0,0,0,0,0,0,0,0
Co_P_Leiod,Arthropoda ,1,0,0,0,1,0,1,0,0,0,0
Co_P_Limni,Arthropoda ,0,0,0,0,0,0,0,0,0,0,0
Co_P_Lucan,Arthropoda ,1,0,0,0,1,1,1,0,0,0,0
Co_P_Lutro,Arthropoda ,0,0,0,0,0,0,0,0,0,0,0
Co_P_Lycid,Arthropoda ,0,0,0,0,0,0,0,0,0,0,0
Co_P_Lymex,Arthropoda ,0,0,0,0,0,0,0,0,0,0,0
Co_P_Melan,Arthropoda ,0,0,0,0,0,0,0,0,0,0,0
Co_P_Meloi,Arthropoda ,1,0,0,0,0,1,0,1,0,1,0
Co_P_Melyr,Arthropoda ,0,0,0,0,0,0,0,0,0,0,0
Co_P_Monot,Arthropoda ,0,0,0,0,0,0,0,0,0,0,0
Co_P_Morde,Arthropoda ,0,0,0,0,0,0,0,0,0,0,0
Co_P_Mycet,Arthropoda ,0,0,0,0,0,0,0,0,0,0,0
Co_P_Nemon,Arthropoda ,0,0,0,0,0,0,0,0,0,0,0
Co_P_Nitid,Arthropoda ,1,0,0,0,1,0,1,0,0,0,0
Co_P_Nosod,Arthropoda ,0,0,0,0,0,0,0,0,0,0,0
Co_P_Ochod,Arthropoda ,0,0,0,0,0,0,0,0,0,0,0
Co_P_Oedem,Arthropoda ,0,0,0,0,0,0,0,0,0,0,0
Co_P_Omali,Arthropoda ,0,0,0,0,0,0,0,0,0,0,0
Co_P_Orsod,Arthropoda ,0,0,0,0,0,0,0,0,0,0,0
Co_P_Passal,Arthropoda ,1,1,0,0,1,0,0,1,0,1,0
Co_P_Passan,Arthropoda ,0,0,0,0,0,0,0,0,0,0,0
Co_P_Perim,Arthropoda ,0,0,0,0,0,0,0,0,0,0,0
Co_P_Phala,Arthropoda ,0,0,0,0,0,0,0,0,0,0,0
Co_P_Pheng,Arthropoda ,1,0,0,1,0,1,0,0,0,1,0
Co_P_Phloe,Arthropoda ,0,0,0,0,0,0,0,0,0,0,0
Co_P_Phloi,Arthropoda ,0,0,0,0,0,0,0,0,0,0,0
Co_P_Pleoc,Arthropoda ,0,0,0,0,0,0,0,0,0,0,0
Co_P_Prion,Arthropoda ,0,0,0,0,0,0,0,0,0,0,0
Co_P_Propa,Arthropoda ,0,0,0,0,0,0,0,0,0,0,0
Co_P_Prost,Arthropoda ,0,0,0,0,0,0,0,0,0,0,0
Co_P_Proto,Arthropoda ,0,0,0,0,0,0,0,0,0,0,0
Co_P_Pseph,Arthropoda ,0,0,0,0,0,0,0,0,0,0,0
Co_P_Ptili,Arthropoda ,0,0,0,0,0,0,0,0,0,0,0
Co_P_Ptilo,Arthropoda ,0,0,0,0,0,0,0,0,0,0,0
Co_P_Ptini,Arthropoda ,0,0,0,0,0,0,0,0,0,0,0
Co_P_Pyroc,Arthropoda ,1,0,1,0,0,0,0,1,0,0,0
Co_P_Pythi,Arthropoda ,0,0,0,0,0,0,0,0,0,0,0
Co_P_Rhipi,Arthropoda ,0,0,0,0,0,0,0,0,0,0,0
Co_P_Ripip,Arthropoda ,0,0,0,0,0,0,0,0,0,0,0
Co_P_Salpi,Arthropoda ,0,0,0,0,0,0,0,0,0,0,0
Co_P_Scara,Arthropoda ,1,0,0,1,1,1,1,1,1,0,0
Co_P_Scirt,Arthropoda ,0,0,0,0,0,0,0,0,0,0,0
Co_P_Scrap,Arthropoda ,0,0,0,0,0,0,0,0,0,0,0
Co_P_Scydm,Arthropoda ,0,0,0,0,0,0,0,0,0,0,0
Co_P_Silph,Arthropoda ,1,0,0,0,1,1,1,0,1,1,0
Co_P_Silva,Arthropoda ,0,0,0,0,0,0,0,0,0,0,0
Co_P_Sperc,Arthropoda ,0,0,0,0,0,0,0,0,0,0,0
Co_P_Sphae,Arthropoda ,0,0,0,0,0,0,0,0,0,0,0
Co_P_Sphin,Arthropoda ,0,0,0,0,0,0,0,0,0,0,0
Co_P_Staph,Arthropoda ,1,0,0,1,1,0,1,1,0,0,0
Co_P_Synch,Arthropoda ,0,0,0,0,0,0,0,0,0,0,0
Co_P_Teneb,Arthropoda ,1,0,0,1,1,0,0,1,0,0,0
Co_P_Tetra,Arthropoda ,0,0,0,0,0,0,0,0,0,0,0
Co_P_Thros,Arthropoda ,0,0,0,0,0,0,0,0,0,0,0
Co_P_Trict,Arthropoda ,0,0,0,0,0,0,0,0,0,0,0
Co_P_Trogo,Arthropoda ,0,0,0,0,0,0,0,0,0,0,0
Co_P_Zophe,Arthropoda ,0,0,0,0,0,0,0,0,0,0,0
Coll_Bourl,Arthropoda ,0,0,0,0,0,0,0,0,0,0,0
Coll_Brach,Arthropoda ,0,0,0,0,0,0,0,0,0,0,0
Coll_Dicyr,Arthropoda ,0,0,0,0,0,0,0,0,0,0,0
Coll_Entom,Arthropoda ,0,0,0,0,0,0,0,0,0,0,0
Coll_Hypog,Arthropoda ,0,0,0,0,0,0,0,0,0,0,0
Coll_Isoto,Arthropoda ,0,0,0,0,0,0,0,0,0,0,0
Coll_Katia,Arthropoda ,0,0,0,0,0,0,0,0,0,0,0
Coll_Neanu,Arthropoda ,0,0,0,0,0,0,0,0,0,0,0
Coll_Neeli,Arthropoda ,0,0,0,0,0,0,0,0,0,0,0
Coll_Odont,Arthropoda ,0,0,0,0,0,0,0,0,0,0,0
Coll_Oncop,Arthropoda ,0,0,0,0,0,0,0,0,0,0,0
Coll_Onych,Arthropoda ,0,0,0,0,0,0,0,0,0,0,0
Coll_Paron,Arthropoda ,0,0,0,0,0,0,0,0,0,0,0
Coll_Podur,Arthropoda ,0,0,0,0,0,0,0,0,0,0,0
Coll_Smint,Arthropoda ,0,0,0,0,0,0,0,0,0,0,0
Coll_Tomoc,Arthropoda ,0,0,0,0,0,0,0,0,0,0,0
Coll_Tullb,Arthropoda ,0,0,0,0,0,0,0,0,0,0,0
Coracias_caudata,Chordata ,0,0,0,0,0,0,0,0,0,0,0
Corallimorpharia,Cnidaria,0,0,0,0,0,0,0,0,0,0,0
Corbicula,Mollusca,0,0,0,0,0,0,0,0,0,0,0
Corinnidae,Arthropoda ,0,0,0,0,0,0,0,0,0,0,0
Crepidula,Mollusca,0,0,0,0,0,0,0,0,0,0,0
Cristatell,Bryozoa ,0,0,0,0,0,0,0,0,0,0,0
Ctenotus_robustus,Chordata ,1,0,0,0,1,0,1,0,0,0,0
Cubozoa,Cnidaria,0,0,0,0,0,0,0,0,0,0,0
Cyathermi,Mollusca,0,0,0,0,0,0,0,0,0,0,0
Cyclocosmia,Arthropoda ,0,0,0,0,0,0,0,0,0,0,0
Daphniamag,Arthropoda ,0,0,0,0,0,0,0,0,0,0,0
deino,Arthropoda ,0,0,0,0,0,0,0,0,0,0,0
Dentalium,Mollusca,0,0,0,0,0,0,0,0,0,0,0
Depressig,Mollusca,0,0,0,0,0,0,0,0,0,0,0
Der_Anisol,Arthropoda ,1,0,0,0,1,0,1,0,0,0,0
Der_Apachy,Arthropoda ,0,0,0,0,0,0,0,0,0,0,0
Der_Chelis,Arthropoda ,0,0,0,0,0,0,0,0,0,0,0
Der_Forfic,Arthropoda ,1,0,0,0,1,1,1,1,0,0,0
Der_Labidu,Arthropoda ,0,0,0,0,0,0,0,0,0,0,0
Der_Labiid,Arthropoda ,0,0,0,0,0,0,0,0,0,0,0
Der_Pygidi,Arthropoda ,0,0,0,0,0,0,0,0,0,0,0
Di_Acartop,Arthropoda ,0,0,0,0,0,0,0,0,0,0,0
Di_Acrocer,Arthropoda ,0,0,0,0,0,0,0,0,0,0,0
Di_Agromyz,Arthropoda ,1,0,0,1,0,0,0,0,0,1,0
Di_Anisop,Arthropoda ,0,0,0,0,0,0,0,0,0,0,0
Di_Anthomyi,Arthropoda ,1,0,0,0,1,1,0,1,0,0,0
Di_Anthomyz,Arthropoda ,0,0,0,0,0,0,0,0,0,0,0
Di_Apiocer,Arthropoda ,0,0,0,0,0,0,0,0,0,0,0
Di_Apsiloc,Arthropoda ,0,0,0,0,0,0,0,0,0,0,0
Di_Asilida,Arthropoda ,0,0,0,0,0,0,0,0,0,0,0
Di_Asteiid,Arthropoda ,1,0,1,0,0,0,0,1,0,0,0
Di_Atelest,Arthropoda ,0,0,0,0,0,0,0,0,0,0,0
Di_Atheric,Arthropoda ,0,0,0,0,0,0,0,0,0,0,0
Di_Aulacig,Arthropoda ,0,0,0,0,0,0,0,0,0,0,0
Di_Austral,Arthropoda ,0,0,0,0,0,0,0,0,0,0,0
Di_Austrol,Arthropoda ,0,0,0,0,0,0,0,0,0,0,0
Di_Axymyii,Arthropoda ,0,0,0,0,0,0,0,0,0,0,0
Di_Bibioni,Arthropoda ,1,0,0,0,1,0,1,0,0,0,0
Di_Blephar,Arthropoda ,0,0,0,0,0,0,0,0,0,0,0
Di_Bombyli,Arthropoda ,1,0,0,0,1,0,0,1,0,0,0
Di_Braulid,Arthropoda ,0,0,0,0,0,0,0,0,0,0,0
Di_Calliph,Arthropoda ,1,0,0,0,1,0,1,1,0,0,0
Di_Canthy,Arthropoda ,0,0,0,0,0,0,0,0,0,0,0
Di_Carnida,Arthropoda ,0,0,0,0,0,0,0,0,0,0,0
Di_Cecidom,Arthropoda ,1,0,0,1,0,0,0,0,0,1,0
Di_Ceratop,Arthropoda ,0,0,0,0,0,0,0,0,0,0,0
Di_Chaobor,Arthropoda ,0,0,0,0,0,0,0,0,0,0,0
Di_Chirono,Arthropoda ,1,0,0,0,1,0,1,0,0,0,0
Di_Chlorop,Arthropoda ,0,0,0,0,0,0,0,0,0,0,0
Di_Chyromy,Arthropoda ,0,0,0,0,0,0,0,0,0,0,0
Di_Clusiid,Arthropoda ,0,0,0,0,0,0,0,0,0,0,0
Di_Coelopi,Arthropoda ,1,0,0,0,1,0,0,0,0,0,1
Di_Conopid,Arthropoda ,1,0,0,0,1,0,1,1,0,0,0
Di_Corethr,Arthropoda ,0,0,0,0,0,0,0,0,0,0,0
Di_Culicid,Arthropoda ,1,0,0,0,0,1,0,0,0,1,0
Di_Deutero,Arthropoda ,0,0,0,0,0,0,0,0,0,0,0
Di_Diadoci,Arthropoda ,0,0,0,0,0,0,0,0,0,0,0
Di_Diopsid,Arthropoda ,1,0,0,0,0,1,1,1,0,0,0
Di_Dixidae,Arthropoda ,0,0,0,0,0,0,0,0,0,0,0
Di_Dolicho,Arthropoda ,1,0,0,0,0,1,1,1,0,0,0
Di_Drosoph,Arthropoda ,1,1,0,1,1,1,1,1,0,0,1
Di_Dryomyz,Arthropoda ,1,0,0,0,1,0,0,1,0,0,0
Di_Empidid,Arthropoda ,1,0,1,0,0,1,0,1,0,1,0
Di_Ephydri,Arthropoda ,0,0,0,0,0,0,0,0,0,0,0
Di_Fanniid,Arthropoda ,0,0,0,0,0,0,0,0,0,0,0
Di_Ferguso,Arthropoda ,0,0,0,0,0,0,0,0,0,0,0
Di_Glossin,Arthropoda ,0,0,0,0,0,0,0,0,0,0,0
Di_Helcomy,Arthropoda ,0,0,0,0,0,0,0,0,0,0,0
Di_Helosci,Arthropoda ,0,0,0,0,0,0,0,0,0,0,0
Di_Hesperi,Arthropoda ,0,0,0,0,0,0,0,0,0,0,0
Di_Heteroc,Arthropoda ,0,0,0,0,0,0,0,0,0,0,0
Di_Hilarim,Arthropoda ,0,0,0,0,0,0,0,0,0,0,0
Di_Hippobo,Arthropoda ,0,0,0,0,0,0,0,0,0,0,0
Di_Hybotid,Arthropoda ,0,0,0,0,0,0,0,0,0,0,0
Di_Keropla,Arthropoda ,0,0,0,0,0,0,0,0,0,0,0
Di_Lauxani,Arthropoda ,0,0,0,0,0,0,0,0,0,0,0
Di_Lonchae,Arthropoda ,0,0,0,0,0,0,0,0,0,0,0
Di_Lonchop,Arthropoda ,0,0,0,0,0,0,0,0,0,0,0
Di_Lygisto,Arthropoda ,0,0,0,0,0,0,0,0,0,0,0
Di_Margin,Arthropoda ,0,0,0,0,0,0,0,0,0,0,0
Di_Micrope,Arthropoda ,0,0,0,0,0,0,0,0,0,0,0
Di_Milichi,Arthropoda ,0,0,0,0,0,0,0,0,0,0,0
Di_Muscida,Arthropoda ,1,0,0,0,1,1,0,1,0,1,0
Di_Mycetop,Arthropoda ,0,0,0,0,0,0,0,0,0,0,0
Di_Mydidae,Arthropoda ,1,0,0,0,1,1,1,0,0,0,0
Di_Mythico,Arthropoda ,0,0,0,0,0,0,0,0,0,0,0
Di_Nemestr,Arthropoda ,0,0,0,0,0,0,0,0,0,0,0
Di_Neuroch,Arthropoda ,0,0,0,0,0,0,0,0,0,0,0
Di_Nycteri,Arthropoda ,0,0,0,0,0,0,0,0,0,0,0
Di_Odiniid,Arthropoda ,0,0,0,0,0,0,0,0,0,0,0
Di_Oestrid,Arthropoda ,0,0,0,0,0,0,0,0,0,0,0
Di_Opomyzi,Arthropoda ,0,0,0,0,0,0,0,0,0,0,0
Di_Pachyne,Arthropoda ,0,0,0,0,0,0,0,0,0,0,0
Di_Pallopt,Arthropoda ,0,0,0,0,0,0,0,0,0,0,0
Di_Pelecor,Arthropoda ,0,0,0,0,0,0,0,0,0,0,0
Di_Perisce,Arthropoda ,0,0,0,0,0,0,0,0,0,0,0
Di_Perisso,Arthropoda ,0,0,0,0,0,0,0,0,0,0,0
Di_Phorida,Arthropoda ,1,0,0,0,1,1,1,1,0,0,0
Di_Piophil,Arthropoda ,1,0,0,0,0,1,0,1,0,0,0
Di_Pipuncu,Arthropoda ,0,0,0,0,0,0,0,0,0,0,0
Di_Platype,Arthropoda ,1,0,0,0,1,1,0,1,0,0,0
Di_Platyst,Arthropoda ,1,0,0,0,1,0,1,0,0,0,0
Di_Pleciid,Arthropoda ,0,0,0,0,0,0,0,0,0,0,0
Di_Psilida,Arthropoda ,0,0,0,0,0,0,0,0,0,0,0
Di_Psychod,Arthropoda ,1,0,0,0,1,1,0,1,0,0,0
Di_Ptychop,Arthropoda ,0,0,0,0,0,0,0,0,0,0,0
Di_Pyrgoti,Arthropoda ,0,0,0,0,0,0,0,0,0,0,0
Di_Rhagion,Arthropoda ,0,0,0,0,0,0,0,0,0,0,0
Di_Rhinoph,Arthropoda ,0,0,0,0,0,0,0,0,0,0,0
Di_Richar,Arthropoda ,1,0,0,0,1,1,1,1,1,0,0
Di_Sarcoph,Arthropoda ,0,0,0,0,0,0,0,0,0,0,0
Di_Scathop,Arthropoda ,1,0,0,0,1,0,1,0,0,0,0
Di_Scatops,Arthropoda ,0,0,0,0,0,0,0,0,0,0,0
Di_Scenopi,Arthropoda ,0,0,0,0,0,0,0,0,0,0,0
Di_Sciadoc,Arthropoda ,0,0,0,0,0,0,0,0,0,0,0
Di_Sciarid,Arthropoda ,1,0,0,0,1,0,0,1,0,0,0
Di_Sciomyz,Arthropoda ,0,0,0,0,0,0,0,0,0,0,0
Di_Sepsida,Arthropoda ,1,0,0,0,1,0,1,1,0,0,0
Di_Simulii,Arthropoda ,1,0,1,0,0,1,0,1,0,1,0
Di_Somatid,Arthropoda ,0,0,0,0,0,0,0,0,0,0,0
Di_Sphaero,Arthropoda ,1,0,0,0,1,0,1,0,0,0,0
Di_Stratio,Arthropoda ,1,0,0,0,1,0,1,0,0,0,0
Di_Strebli,Arthropoda ,0,0,0,0,0,0,0,0,0,0,0
Di_Strongy,Arthropoda ,0,0,0,0,0,0,0,0,0,0,0
Di_Synneur,Arthropoda ,0,0,0,0,0,0,0,0,0,0,0
Di_Syrphid,Arthropoda ,0,0,0,0,0,0,0,0,0,0,0
Di_Tabanid,Arthropoda ,0,0,0,0,0,0,0,0,0,0,0
Di_Tachini,Arthropoda ,0,0,0,0,0,0,0,0,0,0,0
Di_Tephrit,Arthropoda ,1,0,0,0,0,1,1,0,0,0,0
Di_Thaumal,Arthropoda ,0,0,0,0,0,0,0,0,0,0,0
Di_Therevi,Arthropoda ,0,0,0,0,0,0,0,0,0,0,0
Di_Tipulid,Arthropoda ,1,0,0,0,1,0,1,0,0,0,0
Di_Trichoc,Arthropoda ,0,0,0,0,0,0,0,0,0,0,0
Di_Ulidiid,Arthropoda ,1,0,1,0,1,1,0,1,0,0,1
Di_Vermile,Arthropoda ,0,0,0,0,0,0,0,0,0,0,0
Di_Xenaste,Arthropoda ,0,0,0,0,0,0,0,0,0,0,0
Di_Xylomyi,Arthropoda ,0,0,0,0,0,0,0,0,0,0,0
Di_Xylopha,Arthropoda ,0,0,0,0,0,0,0,0,0,0,0
Dipl_Campo,Arthropoda ,0,0,0,0,0,0,0,0,0,0,0
Dipl_Japyg,Arthropoda ,0,0,0,0,0,0,0,0,0,0,0
Dipl_Para,Arthropoda ,0,0,0,0,0,0,0,0,0,0,0
Dipl_Proj,Arthropoda ,0,0,0,0,0,0,0,0,0,0,0
DQ492475Pimelodus_ornatus,Chordata ,0,0,0,0,0,0,0,0,0,0,0
DQ912118Clupea_pallasii,Chordata ,0,0,0,0,0,0,0,0,0,0,0
Dugesiajap,Platyhelminthes ,0,0,0,0,0,0,0,0,0,0,0
Echinodere,Kinorhyncha,0,0,0,0,0,0,0,0,0,0,0
EF033043Neobythites_stigmosus,Chordata ,0,0,0,0,0,0,0,0,0,0,0
EF095636_Beryx_splendens,Chordata ,0,0,0,0,0,0,0,0,0,0,0
EF095676_Scomberomorus_commerso,Chordata ,0,0,0,0,0,0,0,0,0,0,0
Emb_Anisem,Arthropoda ,0,0,0,0,0,0,0,0,0,0,0
Emb_Austra,Arthropoda ,0,0,0,0,0,0,0,0,0,0,0
Emb_Clotho,Arthropoda ,0,0,0,0,0,0,0,0,0,0,0
Emb_Embiid,Arthropoda ,0,0,0,0,0,0,0,0,0,0,0
Emb_Notoli,Arthropoda ,0,0,0,0,0,0,0,0,0,0,0
Emb_Oligot,Arthropoda ,0,0,0,0,0,0,0,0,0,0,0
Emb_Terate,Arthropoda ,0,0,0,0,0,0,0,0,0,0,0
Entalina,Mollusca,0,0,0,0,0,0,0,0,0,0,0
Entemnotr,Mollusca,0,0,0,0,0,0,0,0,0,0,0
Ep_Acantha,Arthropoda ,0,0,0,0,0,0,0,0,0,0,0
Ep_Ameleti,Arthropoda ,0,0,0,0,0,0,0,0,0,0,0
Ep_Ameleto,Arthropoda ,0,0,0,0,0,0,0,0,0,0,0
Ep_Ametrop,Arthropoda ,0,0,0,0,0,0,0,0,0,0,0
Ep_Baetida,Arthropoda ,0,0,0,0,0,0,0,0,0,0,0
Ep_Baetisc,Arthropoda ,0,0,0,0,0,0,0,0,0,0,0
Ep_Behning,Arthropoda ,0,0,0,0,0,0,0,0,0,0,0
Ep_Caenida,Arthropoda ,0,0,0,0,0,0,0,0,0,0,0
Ep_Colobur,Arthropoda ,0,0,0,0,0,0,0,0,0,0,0
Ep_Diptero,Arthropoda ,0,0,0,0,0,0,0,0,0,0,0
Ep_Ephemerel,Arthropoda ,0,0,0,0,0,0,0,0,0,0,0
Ep_Ephemeri,Arthropoda ,0,0,0,0,0,0,0,0,0,0,0
Ep_Euthypl,Arthropoda ,0,0,0,0,0,0,0,0,0,0,0
Ep_Heptage,Arthropoda ,0,0,0,0,0,0,0,0,0,0,0
Ep_Ichthyb,Arthropoda ,0,0,0,0,0,0,0,0,0,0,0
Ep_Isonych,Arthropoda ,0,0,0,0,0,0,0,0,0,0,0
Ep_Leptohy,Arthropoda ,0,0,0,0,0,0,0,0,0,0,0
Ep_Leptoph,Arthropoda ,0,0,0,0,0,0,0,0,0,0,0
Ep_Metreto,Arthropoda ,0,0,0,0,0,0,0,0,0,0,0
Ep_Neoephe,Arthropoda ,0,0,0,0,0,0,0,0,0,0,0
Ep_Nesamel,Arthropoda ,0,0,0,0,0,0,0,0,0,0,0
Ep_Oligone,Arthropoda ,0,0,0,0,0,0,0,0,0,0,0
Ep_Oniscig,Arthropoda ,0,0,0,0,0,0,0,0,0,0,0
Ep_Palinge,Arthropoda ,0,0,0,0,0,0,0,0,0,0,0
Ep_Polymit,Arthropoda ,0,0,0,0,0,0,0,0,0,0,0
Ep_Potaman,Arthropoda ,0,0,0,0,0,0,0,0,0,0,0
Ep_Prosopi,Arthropoda ,0,0,0,0,0,0,0,0,0,0,0
Ep_Rallide,Arthropoda ,0,0,0,0,0,0,0,0,0,0,0
Ep_Siphlae,Arthropoda ,0,0,0,0,0,0,0,0,0,0,0
Ep_Siphlon,Arthropoda ,0,0,0,0,0,0,0,0,0,0,0
Ep_Telogan,Arthropoda ,0,0,0,0,0,0,0,0,0,0,0
Ep_Tricory,Arthropoda ,0,0,0,0,0,0,0,0,0,0,0
Epimeniaa,Mollusca,0,0,0,0,0,0,0,0,0,0,0
Epimeniab,Mollusca,0,0,0,0,0,0,0,0,0,0,0
Epimenias,Mollusca,0,0,0,0,0,0,0,0,0,0,0
Euperipato,Onychophora,0,0,0,0,0,0,0,0,0,0,0
Fenneropen,Arthropoda ,0,0,0,0,0,0,0,0,0,0,0
Flaccisagi,Chaetognatha ,0,0,0,0,0,0,0,0,0,0,0
Fustiaria,Mollusca,0,0,0,0,0,0,0,0,0,0,0
Gastrocha,Mollusca,0,0,0,0,0,0,0,0,0,0,0
Gavia_immer,Chordata ,1,1,0,0,0,0,1,0,0,0,0
Gekko_gecko,Chordata ,0,0,0,0,0,0,0,0,0,0,0
Gnathostom,Gnathostomulida ,0,0,0,0,0,0,0,0,0,0,0
Grylloblat,Arthropoda ,0,0,0,0,0,0,0,0,0,0,0
Habronattus,Arthropoda ,1,0,0,0,0,1,0,1,0,0,0
Haliotis,Mollusca,0,0,0,0,0,0,0,0,0,0,0
He_Acantho,Arthropoda ,0,0,0,0,0,0,0,0,0,0,0
He_Achilid,Arthropoda ,0,0,0,0,0,0,0,0,0,0,0
He_Achilix,Arthropoda ,0,0,0,0,0,0,0,0,0,0,0
He_Aetalio,Arthropoda ,0,0,0,0,0,0,0,0,0,0,0
He_Aleyrod,Arthropoda ,1,0,0,0,1,0,0,1,0,0,0
He_Alydida,Arthropoda ,1,0,0,0,1,1,1,0,0,0,0
He_Anthoco,Arthropoda ,0,0,0,0,0,0,0,0,0,0,0
He_Apheloc,Arthropoda ,0,0,0,0,0,0,0,0,0,0,0
He_Aphidoi,Arthropoda ,1,0,0,0,1,0,1,0,1,0,0
He_Aphroph,Arthropoda ,0,0,0,0,0,0,0,0,0,0,0
He_Aradida,Arthropoda ,0,0,0,0,0,0,0,0,0,0,0
He_Belosto,Arthropoda ,1,0,0,0,0,1,0,1,0,1,0
He_Berytid,Arthropoda ,0,0,0,0,0,0,0,0,0,0,0
He_Calisce,Arthropoda ,0,0,0,0,0,0,0,0,0,0,0
He_Canopid,Arthropoda ,0,0,0,0,0,0,0,0,0,0,0
He_Cercopi,Arthropoda ,1,0,0,0,1,0,1,0,0,0,0
He_Cicadel,Arthropoda ,1,0,0,0,1,0,0,1,0,1,0
He_Cicadid,Arthropoda ,1,1,0,0,0,0,0,1,0,1,0
He_Cimicid,Arthropoda ,0,0,0,0,0,0,0,0,0,0,0
He_Cixiida,Arthropoda ,1,0,0,0,1,0,0,1,0,1,0
He_Clastop,Arthropoda ,0,0,0,0,0,0,0,0,0,0,0
He_Coccoid,Arthropoda ,0,0,0,0,0,0,0,0,0,0,0
He_Colobat,Arthropoda ,0,0,0,0,0,0,0,0,0,0,0
He_Coreida,Arthropoda ,1,0,0,1,1,1,1,1,0,0,0
He_Corixid,Arthropoda ,1,0,0,0,0,1,0,1,0,0,0
He_Cydnida,Arthropoda ,1,0,0,0,1,0,1,0,0,0,0
He_Delphac,Arthropoda ,1,1,0,0,1,0,0,1,0,1,0
He_Derbida,Arthropoda ,0,0,0,0,0,0,0,0,0,0,0
He_Dictyop,Arthropoda ,1,1,0,0,1,0,0,1,0,1,0
He_Dinidor,Arthropoda ,0,0,0,0,0,0,0,0,0,0,0
He_Dipsoco,Arthropoda ,0,0,0,0,0,0,0,0,0,0,0
He_Enicoce,Arthropoda ,0,0,0,0,0,0,0,0,0,0,0
He_Epipygi,Arthropoda ,0,0,0,0,0,0,0,0,0,0,0
He_Eurybra,Arthropoda ,0,0,0,0,0,0,0,0,0,0,0
He_Flatida,Arthropoda ,0,0,0,0,0,0,0,0,0,0,0
He_Fulgori,Arthropoda ,0,0,0,0,0,0,0,0,0,0,0
He_Gelasto,Arthropoda ,0,1,0,0,1,0,0,1,0,0,0
He_Gerrida,Arthropoda ,1,0,0,0,1,0,1,0,0,0,1
He_Hebrida,Arthropoda ,0,0,0,0,0,0,0,0,0,0,0
He_Hermato,Arthropoda ,0,0,0,0,0,0,0,0,0,0,0
He_Hydrome,Arthropoda ,0,0,0,0,0,0,0,0,0,0,0
He_Hyoceph,Arthropoda ,0,0,0,0,0,0,0,0,0,0,0
He_Idiosto,Arthropoda ,0,0,0,0,0,0,0,0,0,0,0
He_Issidae,Arthropoda ,0,0,0,0,0,0,0,0,0,0,0
He_Joppeic,Arthropoda ,0,0,0,0,0,0,0,0,0,0,0
He_Largida,Arthropoda ,1,0,0,0,1,0,1,0,0,0,0
He_Leptopo,Arthropoda ,0,0,0,0,0,0,0,0,0,0,0
He_Lestoni,Arthropoda ,0,0,0,0,0,0,0,0,0,0,0
He_Lophopi,Arthropoda ,1,0,0,0,1,0,1,0,0,0,0
He_Lycetoc,Arthropoda ,0,0,0,0,0,0,0,0,0,0,0
He_Lygaeio,Arthropoda ,1,0,1,0,1,1,0,1,0,0,0
He_Machaer,Arthropoda ,0,0,0,0,0,0,0,0,0,0,0
He_Macrove,Arthropoda ,0,0,0,0,0,0,0,0,0,0,0
He_Malcida,Arthropoda ,0,0,0,0,0,0,0,0,0,0,0
He_Meenopl,Arthropoda ,0,0,0,0,0,0,0,0,0,0,0
He_Membrac,Arthropoda ,1,1,0,0,0,0,0,1,0,1,0
He_Mesovel,Arthropoda ,0,0,0,0,0,0,0,0,0,0,0
He_Microph,Arthropoda ,0,0,0,0,0,0,0,0,0,0,0
He_Miridae,Arthropoda ,1,0,0,1,0,0,0,0,0,1,0
He_Myerslo,Arthropoda ,0,0,0,0,0,0,0,0,0,0,0
He_Nabidae,Arthropoda ,0,0,0,0,0,0,0,0,0,0,0
He_Naucori,Arthropoda ,0,0,0,0,0,0,0,0,0,0,0
He_Nepidae,Arthropoda ,0,0,0,0,0,0,0,0,0,0,0
He_Nogodin,Arthropoda ,0,0,0,0,0,0,0,0,0,0,0
He_Notonec,Arthropoda ,0,0,0,0,0,0,0,0,0,0,0
He_Ochteri,Arthropoda ,0,0,0,0,0,0,0,0,0,0,0
He_Paraphy,Arthropoda ,0,0,0,0,0,0,0,0,0,0,0
He_Pelorid,Arthropoda ,1,1,0,0,0,0,0,1,0,1,0
He_Pentato,Arthropoda ,1,0,0,1,1,0,1,1,0,0,0
He_Phloeid,Arthropoda ,0,0,0,0,0,0,0,0,0,0,0
He_Phyllox,Arthropoda ,0,0,0,0,0,0,0,0,0,0,0
He_Phymati,Arthropoda ,1,0,0,0,1,0,1,0,0,0,0
He_Piesmat,Arthropoda ,0,0,0,0,0,0,0,0,0,0,0
He_Platasp,Arthropoda ,1,0,0,0,1,0,0,1,0,0,0
He_Pleidae,Arthropoda ,1,1,0,0,0,0,0,1,0,0,0
He_Plokiop,Arthropoda ,0,0,0,0,0,0,0,0,0,0,0
He_Psylloi,Arthropoda ,1,1,0,0,0,0,0,1,0,1,0
He_Pyrrhoc,Arthropoda ,1,0,0,0,1,1,0,1,0,0,1
He_Reduvii,Arthropoda ,1,0,0,1,1,0,1,0,0,1,0
He_Rhopali,Arthropoda ,1,0,0,0,1,0,1,0,0,0,0
He_Ricanni,Arthropoda ,0,0,0,0,0,0,0,0,0,0,0
He_Saldida,Arthropoda ,0,0,0,0,0,0,0,0,0,0,0
He_Schizop,Arthropoda ,0,0,0,0,0,0,0,0,0,0,0
He_Scutell,Arthropoda ,1,1,0,1,0,1,0,1,0,1,0
He_Stenoce,Arthropoda ,0,0,0,0,0,0,0,0,0,0,0
He_Termita,Arthropoda ,0,0,0,0,0,0,0,0,0,0,0
He_Tessara,Arthropoda ,0,0,0,0,0,0,0,0,0,0,0
He_Tettigo,Arthropoda ,0,0,0,0,0,0,0,0,0,0,0
He_Thaumas,Arthropoda ,0,0,0,0,0,0,0,0,0,0,0
He_Tingida,Arthropoda ,0,0,0,0,0,0,0,0,0,0,0
He_Tropidu,Arthropoda ,0,0,0,0,0,0,0,0,0,0,0
He_Veliida,Arthropoda ,1,0,1,0,0,0,0,0,0,0,1
He_Velocip,Arthropoda ,0,0,0,0,0,0,0,0,0,0,0
hebestatis,Arthropoda ,0,0,0,0,0,0,0,0,0,0,0
Heligmonellidae,Nematoda,0,0,0,0,0,0,0,0,0,0,0
Homo_sapiens,Chordata ,1,0,0,0,0,1,1,1,0,0,0
Hy_Agaonid,Arthropoda ,1,0,0,0,1,0,1,0,0,0,0
Hy_Ampulic,Arthropoda ,0,0,0,0,0,0,0,0,0,0,0
Hy_Anaxeli,Arthropoda ,0,0,0,0,0,0,0,0,0,0,0
Hy_Andreni,Arthropoda ,1,0,0,1,0,0,1,1,0,1,0
Hy_Aphelin,Arthropoda ,1,0,0,0,1,1,0,1,0,1,0
Hy_Apidae,Arthropoda ,1,0,0,1,1,0,1,1,0,1,0
Hy_Argidae,Arthropoda ,0,0,0,0,0,0,0,0,0,0,0
Hy_Aulacid,Arthropoda ,0,0,0,0,0,0,0,0,0,0,0
Hy_Bethyli,Arthropoda ,1,0,0,0,1,0,0,1,0,0,0
Hy_Blastic,Arthropoda ,0,0,0,0,0,0,0,0,0,0,0
Hy_Braconi,Arthropoda ,1,1,0,0,0,0,0,1,0,0,0
Hy_Bradyno,Arthropoda ,0,0,0,0,0,0,0,0,0,0,0
Hy_Cephida,Arthropoda ,1,0,0,1,0,0,0,0,0,1,0
Hy_Ceraphr,Arthropoda ,0,0,0,0,0,0,0,0,0,0,0
Hy_Chalcid,Arthropoda ,1,0,0,1,0,1,0,1,0,1,0
Hy_Chrysid,Arthropoda ,0,0,0,0,0,0,0,0,0,0,0
Hy_Cimbici,Arthropoda ,0,0,0,0,0,0,0,0,0,0,0
Hy_Colleti,Arthropoda ,1,0,0,1,1,0,1,0,0,1,0
Hy_Crabron,Arthropoda ,1,0,0,1,0,0,0,1,0,0,0
Hy_Cynipid,Arthropoda ,1,0,0,0,1,0,0,1,0,0,0
Hy_Diaprii,Arthropoda ,0,0,0,0,0,0,0,0,0,0,0
Hy_Diprion,Arthropoda ,1,0,0,1,0,0,0,0,0,1,0
Hy_Encyrti,Arthropoda ,1,0,0,0,1,0,1,0,0,0,0
Hy_Euchari,Arthropoda ,0,0,0,0,0,0,0,0,0,0,0
Hy_Eulophi,Arthropoda ,1,0,0,0,1,0,1,0,0,0,0
Hy_Eupelmi,Arthropoda ,1,0,0,0,1,0,1,0,0,0,0
Hy_Eurytom,Arthropoda ,1,0,0,0,1,0,1,0,0,0,0
Hy_Evaniid,Arthropoda ,0,0,0,0,0,0,0,0,0,0,0
Hy_Figitid,Arthropoda ,1,0,0,0,1,0,0,1,0,0,0
Hy_Formici,Arthropoda ,1,0,0,0,1,1,1,1,0,0,0
Hy_Gasteru,Arthropoda ,0,0,0,0,0,0,0,0,0,0,0
Hy_Halicti,Arthropoda ,1,0,0,1,0,0,0,0,0,1,0
Hy_Helorid,Arthropoda ,0,0,0,0,0,0,0,0,0,0,0
Hy_Ibaliid,Arthropoda ,0,0,0,0,0,0,0,0,0,0,0
Hy_Ichneum,Arthropoda ,1,0,0,0,1,0,0,1,0,1,1
Hy_Liopter,Arthropoda ,0,0,0,0,0,0,0,0,0,0,0
Hy_Maaming,Arthropoda ,0,0,0,0,0,0,0,0,0,0,0
Hy_Megachi,Arthropoda ,1,0,0,1,0,0,0,0,0,1,0
Hy_Megalod,Arthropoda ,0,0,0,0,0,0,0,0,0,0,0
Hy_Megalyr,Arthropoda ,0,0,0,0,0,0,0,0,0,0,0
Hy_Megaspi,Arthropoda ,1,0,0,1,0,0,0,1,0,1,0
Hy_Melitti,Arthropoda ,1,0,0,1,0,0,0,0,0,1,0
Hy_Monomac,Arthropoda ,0,0,0,0,0,0,0,0,0,0,0
Hy_Mutilid,Arthropoda ,1,0,0,0,1,0,0,1,0,0,0
Hy_Mymarid,Arthropoda ,1,0,0,0,0,1,0,1,0,0,0
Hy_Mymaron,Arthropoda ,0,0,0,0,0,0,0,0,0,0,0
Hy_Orussid,Arthropoda ,0,0,0,0,0,0,0,0,0,0,0
Hy_Pamphil,Arthropoda ,1,0,0,1,1,0,1,1,0,1,0
Hy_Pelecin,Arthropoda ,0,0,0,0,0,0,0,0,0,0,0
Hy_Pergida,Arthropoda ,0,0,0,0,0,0,0,0,0,0,0
Hy_Perilam,Arthropoda ,1,0,0,1,0,0,0,1,0,1,0
Hy_Platyga,Arthropoda ,1,0,0,1,0,0,0,0,0,1,0
Hy_Plumari,Arthropoda ,0,0,0,0,0,0,0,0,0,0,0
Hy_Pompili,Arthropoda ,1,0,0,0,1,0,1,0,0,0,0
Hy_Proctot,Arthropoda ,0,0,0,0,0,0,0,0,0,0,0
Hy_Pteroma,Arthropoda ,1,0,0,0,1,1,1,0,0,0,0
Hy_Roprion,Arthropoda ,0,0,0,0,0,0,0,0,0,0,0
Hy_Rotoiti,Arthropoda ,0,0,0,0,0,0,0,0,0,0,0
Hy_Sapygid,Arthropoda ,0,0,0,0,0,0,0,0,0,0,0
Hy_Scelion,Arthropoda ,1,0,0,0,1,0,1,0,1,0,0
Hy_Scoleby,Arthropoda ,0,0,0,0,0,0,0,0,0,0,0
Hy_Scoliid,Arthropoda ,1,0,0,1,0,0,0,0,0,1,0
Hy_Sierolo,Arthropoda ,0,0,0,0,0,0,0,0,0,0,0
Hy_Siricid,Arthropoda ,1,0,0,1,0,0,0,1,0,1,0
Hy_Sphecid,Arthropoda ,1,0,0,0,1,1,1,1,0,0,0
Hy_Stenotr,Arthropoda ,0,0,0,0,0,0,0,0,0,0,0
Hy_Stephan,Arthropoda ,0,0,0,0,0,0,0,0,0,0,0
Hy_Tenthre,Arthropoda ,1,0,0,0,1,0,1,0,0,0,0
Hy_Tetraca,Arthropoda ,0,0,0,0,0,0,0,0,0,0,0
Hy_Tiphiid,Arthropoda ,1,0,1,1,1,0,0,1,0,1,0
Hy_Torymid,Arthropoda ,1,0,0,0,1,0,1,0,0,0,0
Hy_Trichog,Arthropoda ,1,0,0,1,0,0,0,0,0,1,0
Hy_Trigona,Arthropoda ,0,0,0,0,0,0,0,0,0,0,0
Hy_Vanhorn,Arthropoda ,0,0,0,0,0,0,0,0,0,0,0
Hy_Vespida,Arthropoda ,1,0,0,0,1,1,1,1,0,0,0
Hy_Xiphydr,Arthropoda ,0,0,0,0,0,0,0,0,0,0,0
Hy_Xyelida,Arthropoda ,0,0,0,0,0,0,0,0,0,0,0
Hydrozoa,Cnidaria,0,0,0,0,0,0,0,0,0,0,0
hypochilus,Arthropoda ,0,0,0,0,0,0,0,0,0,0,0
Hypsibiusd,Tardigrada ,0,0,0,0,0,0,0,0,0,0,0
Idiopidae,Arthropoda ,0,0,0,0,0,0,0,0,0,0,0
Is_Hodoter,Arthropoda ,0,0,0,0,0,0,0,0,0,0,0
Is_Kaloter,Arthropoda ,0,0,0,0,0,0,0,0,0,0,0
Is_Mastote,Arthropoda ,0,0,0,0,0,0,0,0,0,0,0
Is_Rhinote,Arthropoda ,0,0,0,0,0,0,0,0,0,0,0
Is_Serrite,Arthropoda ,0,0,0,0,0,0,0,0,0,0,0
Is_Termiti,Arthropoda ,0,0,0,0,0,0,0,0,0,0,0
Is_Termops,Arthropoda ,0,0,0,0,0,0,0,0,0,0,0
kuku,Arthropoda ,1,0,0,0,1,1,0,1,0,0,0
L_Acanthop,Arthropoda ,0,0,0,0,0,0,0,0,0,0,0
L_Acroloph,Arthropoda ,0,0,0,0,0,0,0,0,0,0,0
L_Adelidae,Arthropoda ,0,0,0,0,0,0,0,0,0,0,0
L_Agathiph,Arthropoda ,0,0,0,0,0,0,0,0,0,0,0
L_Agonoxen,Arthropoda ,0,0,0,0,0,0,0,0,0,0,0
L_Aididae,Arthropoda ,0,0,0,0,0,0,0,0,0,0,0
L_Alucitid,Arthropoda ,0,0,0,0,0,0,0,0,0,0,0
L_Amphisba,Arthropoda ,0,0,0,0,0,0,0,0,0,0,0
L_Andesian,Arthropoda ,0,0,0,0,0,0,0,0,0,0,0
L_Anomoeti,Arthropoda ,0,0,0,0,0,0,0,0,0,0,0
L_Anthelid,Arthropoda ,0,0,0,0,0,0,0,0,0,0,0
L_Apatelod,Arthropoda ,1,1,0,0,0,0,0,1,0,0,0
L_Arctiida,Arthropoda ,1,0,1,1,0,0,0,1,0,0,0
L_Argyrest,Arthropoda ,0,0,0,0,0,0,0,0,0,0,0
L_Arrhenop,Arthropoda ,0,0,0,0,0,0,0,0,0,0,0
L_Autostic,Arthropoda ,0,0,0,0,0,0,0,0,0,0,0
L_Batrache,Arthropoda ,1,0,0,1,0,0,0,1,0,1,0
L_Bedellid,Arthropoda ,0,0,0,0,0,0,0,0,0,0,0
L_Blastoba,Arthropoda ,0,0,0,0,0,0,0,0,0,0,0
L_Bombycid,Arthropoda ,1,0,0,1,0,0,0,1,0,1,0
L_Brachodi,Arthropoda ,0,0,0,0,0,0,0,0,0,0,0
L_Brahmaei,Arthropoda ,0,0,0,0,0,0,0,0,0,0,0
L_Bucculat,Arthropoda ,1,0,0,1,0,0,0,1,0,1,0
L_Callidul,Arthropoda ,0,0,0,0,0,0,0,0,0,0,0
L_Carposin,Arthropoda ,1,0,0,1,0,0,0,1,0,1,0
L_Carthaei,Arthropoda ,0,0,0,0,0,0,0,0,0,0,0
L_Castniid,Arthropoda ,1,0,0,1,0,1,1,1,0,1,0
L_Choreuti,Arthropoda ,1,0,0,1,0,0,0,1,0,1,0
L_Cimeliid,Arthropoda ,0,0,0,0,0,0,0,0,0,0,0
L_Coleopho,Arthropoda ,1,0,0,1,0,0,0,1,0,1,0
L_Copromor,Arthropoda ,0,0,0,0,0,0,0,0,0,0,0
L_Cosmopte,Arthropoda ,1,0,0,1,0,0,0,1,0,1,0
L_Cossidae,Arthropoda ,1,0,0,1,0,0,0,1,0,1,0
L_Crambida,Arthropoda ,1,1,0,1,0,0,0,1,0,1,0
L_Crinopte,Arthropoda ,0,0,0,0,0,0,0,0,0,0,0
L_Cyclotor,Arthropoda ,0,0,0,0,0,0,0,0,0,0,0
L_Dalcerid,Arthropoda ,0,0,0,0,0,0,0,0,0,0,0
L_Deocloni,Arthropoda ,0,0,0,0,0,0,0,0,0,0,0
L_Deuterog,Arthropoda ,0,0,0,0,0,0,0,0,0,0,0
L_Douglasi,Arthropoda ,0,0,0,0,0,0,0,0,0,0,0
L_Drepanid,Arthropoda ,1,0,0,1,0,0,0,1,0,1,0
L_Dudgeoni,Arthropoda ,0,0,0,0,0,0,0,0,0,0,0
L_Elachist,Arthropoda ,1,0,0,1,0,0,0,1,0,1,0
L_Endromid,Arthropoda ,0,0,0,0,0,0,0,0,0,0,0
L_Epicopei,Arthropoda ,0,0,0,0,0,0,0,0,0,0,0
L_Epipyrop,Arthropoda ,0,0,0,0,0,0,0,0,0,0,0
L_Ericotti,Arthropoda ,1,1,0,0,0,0,0,1,0,0,0
L_Eriocran,Arthropoda ,1,0,0,1,0,0,0,1,0,1,0
L_Eupterot,Arthropoda ,0,0,0,0,0,0,0,0,0,0,0
L_Gelechid,Arthropoda ,1,0,0,1,0,0,0,1,0,1,0
L_Geometri,Arthropoda ,1,0,0,1,1,0,0,1,0,1,0
L_Glyphido,Arthropoda ,0,0,0,0,0,0,0,0,0,0,0
L_Glyphipt,Arthropoda ,1,0,0,1,0,0,0,1,0,1,0
L_Gracilla,Arthropoda ,1,0,0,1,0,0,0,1,0,1,0
L_Hedylida,Arthropoda ,0,0,0,0,0,0,0,0,0,0,0
L_Heliozel,Arthropoda ,1,0,0,1,0,0,0,1,0,1,0
L_Hepialid,Arthropoda ,1,0,0,1,0,1,0,1,0,1,0
L_Hesperii,Arthropoda ,0,0,0,1,0,0,0,1,0,0,0
L_Heteroba,Arthropoda ,0,0,0,0,0,0,0,0,0,0,0
L_Heterogy,Arthropoda ,0,0,0,0,0,0,0,0,0,0,0
L_Himantop,Arthropoda ,0,0,0,0,0,0,0,0,0,0,0
L_Hyblaeid,Arthropoda ,0,0,0,0,0,0,0,0,0,0,0
L_Immidae,Arthropoda ,0,0,0,0,0,0,0,0,0,0,0
L_Incurvar,Arthropoda ,1,0,0,1,0,0,0,1,0,1,0
L_Lacturid,Arthropoda ,0,0,0,0,0,0,0,0,0,0,0
L_Lasiocam,Arthropoda ,1,0,0,1,0,0,0,1,0,1,0
L_Lecithoc,Arthropoda ,1,0,0,1,1,0,0,1,0,1,1
L_Lemoniid,Arthropoda ,0,0,0,0,0,0,0,0,0,0,0
L_Limacodi,Arthropoda ,1,0,0,1,0,0,0,1,0,1,0
L_Lycaenid,Arthropoda ,1,0,0,1,0,1,0,1,0,1,0
L_Lymantri,Arthropoda ,1,0,0,1,0,0,0,1,0,1,0
L_Lyoneti,Arthropoda ,1,0,0,1,0,0,0,1,0,1,0
L_Megalopy,Arthropoda ,0,0,0,0,0,0,0,0,0,0,0
L_Micropte,Arthropoda ,0,0,0,0,0,0,0,0,0,0,0
L_Mimallon,Arthropoda ,0,0,0,0,0,0,0,0,0,0,0
L_Mirinida,Arthropoda ,0,0,0,0,0,0,0,0,0,0,0
L_Mnesacha,Arthropoda ,1,0,0,1,0,0,0,1,0,1,0
L_Momphida,Arthropoda ,0,0,0,0,0,0,0,0,0,0,0
L_Neopseus,Arthropoda ,0,0,0,0,0,0,0,0,0,0,0
L_Nepticul,Arthropoda ,1,0,0,1,1,0,1,1,0,1,0
L_Noctuida,Arthropoda ,1,0,0,1,1,0,1,1,0,1,0
L_Notodont,Arthropoda ,1,0,0,1,1,0,1,1,0,1,0
L_Nymphali,Arthropoda ,1,0,0,0,1,0,1,0,0,0,0
L_Oecophor,Arthropoda ,1,0,0,1,1,0,0,1,0,1,1
L_Opostegi,Arthropoda ,1,0,0,1,0,0,0,1,0,0,0
L_Palaepha,Arthropoda ,1,0,0,1,0,0,0,1,0,0,0
L_Papilion,Arthropoda ,1,0,0,0,0,1,1,0,0,0,0
L_Peleopod,Arthropoda ,0,0,0,0,0,0,0,0,0,0,0
L_Pieridae,Arthropoda ,1,0,0,0,0,1,0,1,0,0,0
L_Plutelli,Arthropoda ,1,0,0,1,0,1,0,1,0,1,0
L_Prodoxid,Arthropoda ,1,0,0,1,0,1,0,1,0,1,0
L_Protothe,Arthropoda ,0,0,0,0,0,0,0,0,0,0,0
L_Psychida,Arthropoda ,1,0,0,1,0,1,0,1,0,1,0
L_Pterolon,Arthropoda ,0,0,0,0,0,0,0,0,0,0,0
L_Pteropho,Arthropoda ,1,0,0,1,0,1,0,1,0,1,0
L_Pyralida,Arthropoda ,1,1,0,0,0,0,0,1,0,0,1
L_Riodinid,Arthropoda ,1,0,0,0,1,1,1,0,0,0,0
L_Roeslers,Arthropoda ,0,0,0,0,0,0,0,0,0,0,0
L_Saturnii,Arthropoda ,1,0,0,1,0,0,0,1,0,1,0
L_Sematuri,Arthropoda ,0,0,0,0,0,0,0,0,0,0,0
L_Sesiidae,Arthropoda ,1,0,0,1,0,0,0,1,0,1,0
L_Somabrac,Arthropoda ,0,0,0,0,0,0,0,0,0,0,0
L_Sphingid,Arthropoda ,1,0,0,1,0,0,0,1,0,1,0
L_Thyridid,Arthropoda ,1,0,0,1,0,0,0,1,0,1,0
L_Tineidae,Arthropoda ,1,0,0,1,0,0,0,1,0,1,0
L_Tineodid,Arthropoda ,0,0,0,0,0,0,0,0,0,0,0
L_Tischeri,Arthropoda ,1,0,0,1,0,0,0,1,0,1,0
L_Tortrici,Arthropoda ,1,0,0,1,0,0,0,1,0,1,0
L_Uraniida,Arthropoda ,1,1,0,1,0,0,0,1,0,1,0
L_Urodidae,Arthropoda ,0,0,0,0,0,0,0,0,0,0,0
L_Xyloryct,Arthropoda ,0,0,0,0,0,0,0,0,0,0,0
L_Yponomeu,Arthropoda ,1,0,0,1,0,0,0,1,0,1,0
L_Ypsolop,Arthropoda ,1,0,0,1,0,0,0,1,0,1,0
L_Zygaenid,Arthropoda ,1,0,0,1,0,0,0,1,0,1,0
Laternula,Mollusca,0,0,0,0,0,0,0,0,0,0,0
Latimeria_menadoensis,Chordata ,0,0,0,0,0,0,0,0,0,0,0
latro,Arthropoda ,1,0,0,1,1,0,0,1,0,1,0
Leiolepis_belliana,Chordata ,1,0,0,0,0,1,1,0,0,0,0
Lepetodri,Mollusca,0,0,0,0,0,0,0,0,0,0,0
Lepidople,Mollusca,0,0,0,0,0,0,0,0,0,0,0
Lepidosiren_paradoxa,Chordata ,0,0,0,0,0,0,0,0,0,0,0
Leptochit,Mollusca,0,0,0,0,0,0,0,0,0,0,0
Leptogyro,Mollusca,0,0,0,0,0,0,0,0,0,0,0
Leptosynapta_tenuis,Echinodermata,0,0,0,0,0,0,0,0,0,0,0
Liny,Arthropoda ,1,1,1,0,1,0,0,1,0,0,0
Liphistius,Arthropoda ,0,0,0,0,0,0,0,0,0,0,0
Litoria_ewingii,Chordata ,1,1,0,0,0,0,0,1,0,0,0
Littorina,Mollusca,0,0,0,0,0,0,0,0,0,0,0
Lorica,Mollusca,0,0,0,0,0,0,0,0,0,0,0
Lumbricusr,Annelida ,1,0,0,1,1,0,0,0,1,1,0
Lyonsia,Mollusca,0,0,0,0,0,0,0,0,0,0,0
Man_Acanth,Arthropoda ,0,0,0,0,0,0,0,0,0,0,0
Man_Amorph,Arthropoda ,0,0,0,0,0,0,0,0,0,0,0
Man_Chaete,Arthropoda ,0,0,0,0,0,0,0,0,0,0,0
Man_Empusi,Arthropoda ,0,0,0,0,0,0,0,0,0,0,0
Man_Eremia,Arthropoda ,0,0,0,0,0,0,0,0,0,0,0
Man_Hymeno,Arthropoda ,0,0,0,0,0,0,0,0,0,0,0
Man_Iridop,Arthropoda ,0,0,0,0,0,0,0,0,0,0,0
Man_Liturg,Arthropoda ,0,0,0,0,0,0,0,0,0,0,0
Man_Mantid,Arthropoda ,0,0,0,0,0,0,0,0,0,0,0
Man_Mantoi,Arthropoda ,0,0,0,0,0,0,0,0,0,0,0
Man_Metall,Arthropoda ,0,0,0,0,0,0,0,0,0,0,0
Man_Paraox,Arthropoda ,0,0,0,0,0,0,0,0,0,0,0
Man_Sibyll,Arthropoda ,0,0,0,0,0,0,0,0,0,0,0
Man_Tarach,Arthropoda ,0,0,0,0,0,0,0,0,0,0,0
Man_Thespi,Arthropoda ,0,0,0,0,0,0,0,0,0,0,0
Man_Toxode,Arthropoda ,0,0,0,0,0,0,0,0,0,0,0
Mantophasm,Arthropoda ,0,0,0,0,0,0,0,0,0,0,0
Mec_Aptero,Arthropoda ,0,0,0,0,0,0,0,0,0,0,0
Mec_Bittac,Arthropoda ,1,0,1,0,0,1,0,1,0,0,0
Mec_Boreid,Arthropoda ,1,0,0,0,1,1,0,1,0,0,1
Mec_Choris,Arthropoda ,0,0,0,0,0,0,0,0,0,0,0
Mec_Merop,Arthropoda ,0,0,0,0,0,0,0,0,0,0,0
Mec_Nannoc,Arthropoda ,0,0,0,0,0,0,0,0,0,0,0
Mec_Panora,Arthropoda ,1,0,0,1,0,0,0,1,0,0,0
Mec_Panorb,Arthropoda ,1,0,1,1,0,0,0,1,0,0,0
Meg_Coryda,Arthropoda ,1,0,0,0,1,1,1,0,0,0,0
Meg_Sialid,Arthropoda ,1,1,0,1,0,1,1,1,0,1,0
megahexura,Arthropoda ,1,0,0,0,1,0,0,1,0,0,0
Mercenari,Mollusca,0,0,0,0,0,0,0,0,0,0,0
Micra,Arthropoda ,1,0,0,0,1,0,0,1,0,0,1
microhexura,Arthropoda ,1,0,0,0,1,0,0,1,0,0,0
Micromeni,Mollusca,0,0,0,0,0,0,0,0,0,0,0
Mikadotro,Mollusca,0,0,0,0,0,0,0,0,0,0,0
mime,Arthropoda ,0,0,0,0,0,0,0,0,0,0,0
Mnemiopsis,Ctenophora ,0,0,0,0,0,0,0,0,0,0,0
Mono1,Mollusca,0,0,0,0,0,0,0,0,0,0,0
Mono2,Mollusca,0,0,0,0,0,0,0,0,0,0,0
Mono3,Mollusca,0,0,0,0,0,0,0,0,0,0,0
Monodelphis_domestica,Chordata ,1,0,0,1,0,0,0,0,0,1,0
Mytilus,Mollusca,0,0,0,0,0,0,0,0,0,0,0
Myxiniformes,Chordata ,0,0,0,0,0,0,0,0,0,0,0
Myzostomas,Annelida ,0,0,0,0,0,0,0,0,0,0,0
N_P,Arthropoda ,0,0,0,0,0,0,0,0,0,0,0
Nautilusp,Mollusca,0,0,0,0,0,0,0,0,0,0,0
Nautiluss,Mollusca,0,0,0,0,0,0,0,0,0,0,0
Neme,Arthropoda ,0,0,0,0,0,0,0,0,0,0,0
Neotrigon,Mollusca,0,0,0,0,0,0,0,0,0,0,0
Neph,Arthropoda ,1,0,0,0,1,0,1,0,0,0,1
Nerita,Mollusca,0,0,0,0,0,0,0,0,0,0,0
Neritilia,Mollusca,0,0,0,0,0,0,0,0,0,0,0
Neritopsi,Mollusca,0,0,0,0,0,0,0,0,0,0,0
nesticus,Arthropoda ,0,0,0,0,0,0,0,0,0,0,0
Neu_Ascala,Arthropoda ,1,0,0,1,0,1,0,1,0,0,0
Neu_Beroth,Arthropoda ,1,1,1,0,0,0,0,1,0,1,0
Neu_Chryso,Arthropoda ,1,1,1,1,1,0,1,1,0,1,0
Neu_Coniop,Arthropoda ,1,1,0,1,0,1,0,1,0,1,0
Neu_Hemer,Arthropoda ,1,1,0,0,0,0,0,1,0,0,0
Neu_Ithoni,Arthropoda ,1,0,0,1,0,0,1,1,0,0,0
Neu_Mantis,Arthropoda ,1,0,0,1,0,1,0,1,0,0,0
Neu_Myrmel,Arthropoda ,1,0,0,1,0,0,0,1,0,0,0
Neu_Nemopt,Arthropoda ,1,0,0,1,0,1,0,1,0,0,0
Neu_Nevror,Arthropoda ,0,0,0,0,0,0,0,0,0,0,0
Neu_Nymphi,Arthropoda ,0,0,0,0,0,0,0,0,0,0,0
Neu_Osmyli,Arthropoda ,1,0,1,1,0,0,0,1,0,0,1
Neu_Polyst,Arthropoda ,0,0,0,0,0,0,0,0,0,0,0
Neu_Psych,Arthropoda ,0,0,0,0,0,0,0,0,0,0,0
Neu_Sisyri,Arthropoda ,1,1,1,0,0,1,0,1,0,1,0
Nucula,Mollusca,0,0,0,0,0,0,0,0,0,0,0
Nuculana,Mollusca,0,0,0,0,0,0,0,0,0,0,0
Od_A_Aeshn,Arthropoda ,1,0,0,0,1,1,1,0,0,0,0
Od_A_Austr,Arthropoda ,0,0,0,0,0,0,0,0,0,0,0
Od_A_Chlor,Arthropoda ,0,0,0,0,0,0,0,0,0,0,0
Od_A_Corda,Arthropoda ,0,0,0,0,0,0,0,0,0,0,0
Od_A_Cordb,Arthropoda ,1,0,0,0,1,0,1,0,0,0,0
Od_A_Gomph,Arthropoda ,1,0,0,0,0,1,1,0,0,0,0
Od_A_Libel,Arthropoda ,1,0,0,0,0,1,0,1,0,0,0
Od_A_Macro,Arthropoda ,0,0,0,0,0,0,0,0,0,0,0
Od_A_Neope,Arthropoda ,0,0,0,0,0,0,0,0,0,0,0
Od_A_Petal,Arthropoda ,1,0,0,0,0,1,1,0,0,0,0
Od_A_Synth,Arthropoda ,0,0,0,0,0,0,0,0,0,0,0
Od_AZ_Epio,Arthropoda ,0,0,0,0,0,0,0,0,0,0,0
Od_Z_Amphy,Arthropoda ,0,0,0,0,0,0,0,0,0,0,0
Od_Z_Calop,Arthropoda ,1,0,0,0,0,1,1,0,0,0,0
Od_Z_Chlor,Arthropoda ,1,0,0,0,0,0,1,0,1,0,0
Od_Z_Chori,Arthropoda ,0,0,0,0,0,0,0,0,0,0,0
Od_Z_Coena,Arthropoda ,1,0,0,0,1,1,1,0,0,0,0
Od_Z_Dicte,Arthropoda ,0,0,0,0,0,0,0,0,0,0,0
Od_Z_Diphl,Arthropoda ,1,0,0,0,0,1,1,1,0,0,0
Od_Z_Eupha,Arthropoda ,1,0,0,0,0,1,1,1,0,0,0
Od_Z_Hemip,Arthropoda ,1,0,0,0,1,0,0,1,0,0,0
Od_Z_Isost,Arthropoda ,0,0,0,0,0,0,0,0,0,0,0
Od_Z_Lesti,Arthropoda ,1,0,0,0,1,1,1,1,0,0,0
Od_Z_Megap,Arthropoda ,1,0,0,0,0,1,1,1,0,0,0
Od_Z_Peril,Arthropoda ,0,0,0,0,0,0,0,0,0,0,0
Od_Z_Platycn,Arthropoda ,1,0,0,0,1,0,1,0,0,0,0
Od_Z_Platyst,Arthropoda ,1,0,0,0,0,1,1,1,0,0,0
Od_Z_Polyt,Arthropoda ,1,0,0,0,0,1,1,0,0,0,0
Od_Z_Proto,Arthropoda ,1,0,0,0,1,0,1,0,0,0,0
Od_Z_Pseuole,Arthropoda ,1,0,0,0,0,1,1,1,0,0,0
Od_Z_Pseuost,Arthropoda ,1,0,0,0,1,1,1,0,0,0,0
Od_Z_Synle,Arthropoda ,0,0,0,0,0,0,0,0,0,0,0
Oecobiidae,Arthropoda ,1,0,0,0,1,0,0,1,0,0,0
Ophiocentrus_pilosus,Echinodermata,0,0,0,0,0,0,0,0,0,0,0
Ophiolimna_perfida,Echinodermata,0,0,0,0,0,0,0,0,0,0,0
Ophiophycis_johni,Echinodermata,0,0,0,0,0,0,0,0,0,0,0
Ophiothrix_angulata,Echinodermata,0,0,0,0,0,0,0,0,0,0,0
Or_C_Acrid,Arthropoda ,1,1,0,1,1,1,0,1,0,0,0
Or_C_Choro,Arthropoda ,0,0,0,0,0,0,0,0,0,0,0
Or_C_Cylin,Arthropoda ,0,0,0,0,0,0,0,0,0,0,0
Or_C_Episa,Arthropoda ,0,0,0,0,0,0,0,0,0,0,0
Or_C_Eumas,Arthropoda ,0,0,0,0,0,0,0,0,0,0,0
Or_C_Eusch,Arthropoda ,0,0,0,0,0,0,0,0,0,0,0
Or_C_Lentu,Arthropoda ,1,0,0,0,1,0,0,0,0,0,1
Or_C_Pamph,Arthropoda ,1,0,0,0,1,0,1,0,0,0,0
Or_C_Pneum,Arthropoda ,1,1,0,0,0,0,0,1,0,0,0
Or_C_Prosc,Arthropoda ,0,0,0,0,0,0,0,0,0,0,0
Or_C_Pyrgo,Arthropoda ,1,0,0,0,1,1,1,0,0,1,0
Or_C_Romal,Arthropoda ,0,0,0,0,0,0,0,0,0,0,0
Or_C_Tanao,Arthropoda ,0,0,0,0,0,0,0,0,0,0,0
Or_C_Tetri,Arthropoda ,1,0,0,0,0,1,0,1,0,0,0
Or_C_Theri,Arthropoda ,0,0,0,0,0,0,0,0,0,0,0
Or_C_Trida,Arthropoda ,1,0,0,0,0,0,0,1,0,0,0
Or_C_Trigo,Arthropoda ,0,0,0,0,0,0,0,0,0,0,0
Or_C_Xyron,Arthropoda ,0,0,0,0,0,0,0,0,0,0,0
Or_E_Anost,Arthropoda ,1,0,0,0,1,1,1,0,0,0,0
Or_E_Gryllac,Arthropoda ,1,0,0,0,1,0,0,1,0,1,0
Or_E_Grylli,Arthropoda ,1,1,0,1,0,0,1,1,0,0,0
Or_E_Gryllot,Arthropoda ,1,1,0,0,0,0,0,1,0,1,0
Or_E_Myrme,Arthropoda ,0,0,0,0,0,0,0,0,0,0,0
Or_E_Proph,Arthropoda ,1,0,1,0,0,0,0,1,0,0,0
Or_E_Rhaph,Arthropoda ,1,0,0,0,1,1,1,0,0,0,0
Or_E_Steno,Arthropoda ,1,1,0,0,1,0,0,1,0,1,0
Or_E_Tetti,Arthropoda ,1,0,1,0,0,1,0,1,0,0,0
Orbiteste,Mollusca,0,0,0,0,0,0,0,0,0,0,0
Ornithorhynchus_anatinus,Chordata ,0,0,0,0,0,0,0,0,0,0,0
OscarellaC,Porifera ,0,0,0,0,0,0,0,0,0,0,0
Other_Anthozoa,Cnidaria,0,0,0,0,0,0,0,0,0,0,0
Oxyopidae,Arthropoda ,1,0,0,0,1,0,1,0,0,0,0
Pandora,Mollusca,0,0,0,0,0,0,0,0,0,0,0
paratropis,Arthropoda ,0,0,0,0,0,0,0,0,0,0,0
Passer_montanus,Chordata ,1,1,0,0,0,1,1,1,0,0,0
Pedicellin,Entoprocta,0,0,0,0,0,0,0,0,0,0,0
Perotroch,Mollusca,0,0,0,0,0,0,0,0,0,0,0
Petromyzontiformes,Chordata ,1,0,0,1,0,0,0,1,0,0,0
Pha_Agathe,Arthropoda ,0,0,0,0,0,0,0,0,0,0,0
Pha_Aschip,Arthropoda ,0,0,0,0,0,0,0,0,0,0,0
Pha_Bacill,Arthropoda ,0,0,0,0,0,0,0,0,0,0,0
Pha_Diaphe,Arthropoda ,0,0,0,0,0,0,0,0,0,0,0
Pha_Heteronem,Arthropoda ,0,0,0,0,0,0,0,0,0,0,0
Pha_Heteropt,Arthropoda ,0,0,0,0,0,0,0,0,0,0,0
Pha_Phasma,Arthropoda ,0,0,0,0,0,0,0,0,0,0,0
Pha_Phylli,Arthropoda ,0,0,0,0,0,0,0,0,0,0,0
Pha_Pseudo,Arthropoda ,0,0,0,0,0,0,0,0,0,0,0
Pha_Timema,Arthropoda ,0,0,0,0,0,0,0,0,0,0,0
Phaxas,Mollusca,0,0,0,0,0,0,0,0,0,0,0
Philodinar,Rotifera ,1,0,0,1,0,0,0,0,0,1,0
Phol,Arthropoda ,1,0,0,0,1,0,0,1,0,0,1
Phoronisva,Phoronida,0,0,0,0,0,0,0,0,0,0,0
Pht_Boopid,Arthropoda ,0,0,0,0,0,0,0,0,0,0,0
Pht_Echino,Arthropoda ,0,0,0,0,0,0,0,0,0,0,0
Pht_Gyropi,Arthropoda ,0,0,0,0,0,0,0,0,0,0,0
Pht_Haemat,Arthropoda ,0,0,0,0,0,0,0,0,0,0,0
Pht_Heptap,Arthropoda ,0,0,0,0,0,0,0,0,0,0,0
Pht_Hoplop,Arthropoda ,0,0,0,0,0,0,0,0,0,0,0
Pht_Laemob,Arthropoda ,0,0,0,0,0,0,0,0,0,0,0
Pht_Linogn,Arthropoda ,0,0,0,0,0,0,0,0,0,0,0
Pht_Menopo,Arthropoda ,0,0,0,0,0,0,0,0,0,0,0
Pht_Pedici,Arthropoda ,0,0,0,0,0,0,0,0,0,0,0
Pht_Pedicu,Arthropoda ,0,0,0,0,0,0,0,0,0,0,0
Pht_Philop,Arthropoda ,1,0,0,0,1,0,1,0,0,0,0
Pht_Polypl,Arthropoda ,0,0,0,0,0,0,0,0,0,0,0
Pht_Pthiri,Arthropoda ,0,0,0,0,0,0,0,0,0,0,0
Pht_Ricini,Arthropoda ,0,0,0,0,0,0,0,0,0,0,0
Pht_Tricho,Arthropoda ,0,0,0,0,0,0,0,0,0,0,0
Pisulina,Mollusca,0,0,0,0,0,0,0,0,0,0,0
Pl_Austrop,Arthropoda ,0,0,0,0,0,0,0,0,0,0,0
Pl_Capniid,Arthropoda ,0,0,0,0,0,0,0,0,0,0,0
Pl_Chlorop,Arthropoda ,0,0,0,0,0,0,0,0,0,0,0
Pl_Diamphi,Arthropoda ,0,0,0,0,0,0,0,0,0,0,0
Pl_Eusthen,Arthropoda ,0,0,0,0,0,0,0,0,0,0,0
Pl_Gripopt,Arthropoda ,0,0,0,0,0,0,0,0,0,0,0
Pl_Leuctri,Arthropoda ,0,0,0,0,0,0,0,0,0,0,0
Pl_Nemouri,Arthropoda ,0,0,0,0,0,0,0,0,0,0,0
Pl_Notonem,Arthropoda ,0,0,0,0,0,0,0,0,0,0,0
Pl_Peltope,Arthropoda ,0,0,0,0,0,0,0,0,0,0,0
Pl_Perlida,Arthropoda ,0,0,0,0,0,0,0,0,0,0,0
Pl_Perlodi,Arthropoda ,0,0,0,0,0,0,0,0,0,0,0
Pl_Pterona,Arthropoda ,0,0,0,0,0,0,0,0,0,0,0
Pl_Scopuri,Arthropoda ,0,0,0,0,0,0,0,0,0,0,0
Pl_Stylope,Arthropoda ,0,0,0,0,0,0,0,0,0,0,0
Pl_Taeniop,Arthropoda ,0,0,0,0,0,0,0,0,0,0,0
Placozoasp,Placozoa,0,0,0,0,0,0,0,0,0,0,0
Platynerei,Annelida ,1,0,0,1,1,0,1,1,0,0,0
Pleurodeles_waltl,Chordata ,1,0,0,0,0,1,0,1,0,0,0
Podocnemis_expansa,Chordata ,0,0,0,0,0,0,0,0,0,0,0
Priapulusc,Priapulida,0,0,0,0,0,0,0,0,0,0,0
Pro_Aceren,Arthropoda ,0,0,0,0,0,0,0,0,0,0,0
Pro_Berber,Arthropoda ,0,0,0,0,0,0,0,0,0,0,0
Pro_Eosent,Arthropoda ,0,0,0,0,0,0,0,0,0,0,0
Pro_Fujien,Arthropoda ,0,0,0,0,0,0,0,0,0,0,0
Pro_Hesper,Arthropoda ,0,0,0,0,0,0,0,0,0,0,0
Pro_Sinent,Arthropoda ,0,0,0,0,0,0,0,0,0,0,0
Promy,Arthropoda ,0,0,0,0,0,0,0,0,0,0,0
Ps_Amphien,Arthropoda ,0,0,0,0,0,0,0,0,0,0,0
Ps_Amphips,Arthropoda ,0,0,0,0,0,0,0,0,0,0,0
Ps_Archips,Arthropoda ,0,0,0,0,0,0,0,0,0,0,0
Ps_Asiopsc,Arthropoda ,0,0,0,0,0,0,0,0,0,0,0
Ps_Caecili,Arthropoda ,0,0,0,0,0,0,0,0,0,0,0
Ps_Calopso,Arthropoda ,0,0,0,0,0,0,0,0,0,0,0
Ps_Compsoc,Arthropoda ,0,0,0,0,0,0,0,0,0,0,0
Ps_Dasydem,Arthropoda ,0,0,0,0,0,0,0,0,0,0,0
Ps_Ectopso,Arthropoda ,0,0,0,0,0,0,0,0,0,0,0
Ps_Electre,Arthropoda ,0,0,0,0,0,0,0,0,0,0,0
Ps_Elipsco,Arthropoda ,0,0,0,0,0,0,0,0,0,0,0
Ps_Epipsoc,Arthropoda ,0,0,0,0,0,0,0,0,0,0,0
Ps_Hemipso,Arthropoda ,0,0,0,0,0,0,0,0,0,0,0
Ps_Lachesi,Arthropoda ,0,0,0,0,0,0,0,0,0,0,0
Ps_Lepidop,Arthropoda ,0,0,0,0,0,0,0,0,0,0,0
Ps_Liposce,Arthropoda ,0,0,0,0,0,0,0,0,0,0,0
Ps_Mesopso,Arthropoda ,0,0,0,0,0,0,0,0,0,0,0
Ps_Musapso,Arthropoda ,0,0,0,0,0,0,0,0,0,0,0
Ps_Myopsoc,Arthropoda ,0,0,0,0,0,0,0,0,0,0,0
Ps_Pachytr,Arthropoda ,0,0,0,0,0,0,0,0,0,0,0
Ps_Peripso,Arthropoda ,0,0,0,0,0,0,0,0,0,0,0
Ps_Philota,Arthropoda ,0,0,0,0,0,0,0,0,0,0,0
Ps_Prionog,Arthropoda ,1,0,0,0,1,0,0,1,0,0,1
Ps_Pscocid,Arthropoda ,0,0,0,0,0,0,0,0,0,0,0
Ps_Pseudoc,Arthropoda ,0,0,0,0,0,0,0,0,0,0,0
Ps_Psilops,Arthropoda ,0,0,0,0,0,0,0,0,0,0,0
Ps_Psoquil,Arthropoda ,0,0,0,0,0,0,0,0,0,0,0
Ps_Psyllip,Arthropoda ,0,0,0,0,0,0,0,0,0,0,0
Ps_Sphaero,Arthropoda ,0,0,0,0,0,0,0,0,0,0,0
Ps_Stenops,Arthropoda ,0,0,0,0,0,0,0,0,0,0,0
Ps_Troctop,Arthropoda ,0,0,0,0,0,0,0,0,0,0,0
Ps_Trogiid,Arthropoda ,1,1,0,0,0,1,0,0,0,1,0
Psc_Tricho,Arthropoda ,0,0,0,0,0,0,0,0,0,0,0
Ptychodera,Hemichordata ,0,0,0,0,0,0,0,0,0,0,0
Pulsellum,Mollusca,0,0,0,0,0,0,0,0,0,0,0
Ramphotyphlops_braminus,Chordata ,0,0,0,0,0,0,0,0,0,0,0
Rap_Inocel,Arthropoda ,0,0,0,0,0,0,0,0,0,0,0
Rap_Raphid,Arthropoda ,0,0,0,0,0,0,0,0,0,0,0
Rhabditidae,Nematoda,0,0,0,0,0,0,0,0,0,0,0
Rhabdus,Mollusca,0,0,0,0,0,0,0,0,0,0,0
Rhinatrema_bivittatum,Chordata ,0,0,0,0,0,0,0,0,0,0,0
Richtersiu,Tardigrada ,0,0,0,0,0,0,0,0,0,0,0
Rovneri_like,Arthropoda ,1,1,1,1,0,1,1,1,0,1,0
Saccogloss,Hemichordata ,0,0,0,0,0,0,0,0,0,0,0
Scleractinia-Complex_forms,Cnidaria,0,0,0,0,0,0,0,0,0,0,0
Scleractinia-Robust_forms,Cnidaria,0,0,0,0,0,0,0,0,0,0,0
Scutigerac,Arthropoda ,0,0,0,0,0,0,0,0,0,0,0
Scutopus,Mollusca,0,0,0,0,0,0,0,0,0,0,0
Scyphozoa,Cnidaria,0,0,0,0,0,0,0,0,0,0,0
Si_Ceratop,Arthropoda ,0,0,0,0,0,0,0,0,0,0,0
Si_Chimero,Arthropoda ,0,0,0,0,0,0,0,0,0,0,0
Si_Coptops,Arthropoda ,0,0,0,0,0,0,0,0,0,0,0
Si_Ctenoph,Arthropoda ,0,0,0,0,0,0,0,0,0,0,0
Si_Hystri,Arthropoda ,0,0,0,0,0,0,0,0,0,0,0
Si_Ischnop,Arthropoda ,0,0,0,0,0,0,0,0,0,0,0
Si_Leptops,Arthropoda ,0,0,0,0,0,0,0,0,0,0,0
Si_Lycopsy,Arthropoda ,0,0,0,0,0,0,0,0,0,0,0
Si_Macrops,Arthropoda ,0,0,0,0,0,0,0,0,0,0,0
Si_Pulicid,Arthropoda ,0,0,0,0,0,0,0,0,0,0,0
Si_Pygiops,Arthropoda ,0,0,0,0,0,0,0,0,0,0,0
Si_Rhopalo,Arthropoda ,0,0,0,0,0,0,0,0,0,0,0
Si_Stephan,Arthropoda ,0,0,0,0,0,0,0,0,0,0,0
Si_Stivali,Arthropoda ,0,0,0,0,0,0,0,0,0,0,0
Si_Vermips,Arthropoda ,0,0,0,0,0,0,0,0,0,0,0
Simrothie,Mollusca,0,0,0,0,0,0,0,0,0,0,0
Siphonode,Mollusca,0,0,0,0,0,0,0,0,0,0,0
Solemya,Mollusca,0,0,0,0,0,0,0,0,0,0,0
Spadellace,Chaetognatha ,0,0,0,0,0,0,0,0,0,0,0
Spheniscus_humboldti,Chordata ,1,1,0,0,0,1,1,1,1,1,0
Sphenodon_punctatus,Chordata ,1,0,0,0,1,0,1,0,0,0,0
sphodros,Arthropoda ,1,1,0,0,0,0,0,0,0,1,0
Spinochord,Nematomorpha ,0,0,0,0,0,0,0,0,0,0,0
Stauroteu,Mollusca,0,0,0,0,0,0,0,0,0,0,0
steg,Arthropoda ,1,0,0,0,1,0,1,0,0,0,0
Strepsipte,Arthropoda ,0,0,0,0,0,0,0,0,0,0,0
Suberitesd,Porifera ,0,0,0,0,0,0,0,0,0,0,0
Symsagitti,Acoela,0,0,0,0,0,0,0,0,0,0,0
syto,Arthropoda ,0,0,0,0,0,0,0,0,0,0,0
Terebratal,Brachiopoda ,0,0,0,0,0,0,0,0,0,0,0
Tetr,Arthropoda ,1,0,0,1,1,0,0,1,0,1,0
Themistela,Sipuncula ,0,0,0,0,0,0,0,0,0,0,0
Ther,Arthropoda ,1,0,0,0,1,0,1,1,0,0,0
Thy_Aeolot,Arthropoda ,0,0,0,0,0,0,0,0,0,0,0
Thy_Hetero,Arthropoda ,0,0,0,0,0,0,0,0,0,0,0
Thy_Phlaeo,Arthropoda ,1,0,0,0,1,1,1,0,0,0,0
Thy_Thripi,Arthropoda ,1,0,0,1,1,0,1,0,0,0,0
Tinamus_guttatus,Chordata ,0,0,0,0,0,0,0,0,0,0,0
Tonicella,Mollusca,0,0,0,0,0,0,0,0,0,0,0
Tr_Anomalo,Arthropoda ,0,0,0,0,0,0,0,0,0,0,0
Tr_Apatani,Arthropoda ,0,0,0,0,0,0,0,0,0,0,0
Tr_Atriple,Arthropoda ,0,0,0,0,0,0,0,0,0,0,0
Tr_Beraeid,Arthropoda ,0,0,0,0,0,0,0,0,0,0,0
Tr_Brachyc,Arthropoda ,0,0,0,0,0,0,0,0,0,0,0
Tr_Calamoc,Arthropoda ,0,0,0,0,0,0,0,0,0,0,0
Tr_Calocid,Arthropoda ,0,0,0,0,0,0,0,0,0,0,0
Tr_Chatham,Arthropoda ,0,0,0,0,0,0,0,0,0,0,0
Tr_Conoesu,Arthropoda ,0,0,0,0,0,0,0,0,0,0,0
Tr_Dipseud,Arthropoda ,0,0,0,0,0,0,0,0,0,0,0
Tr_Ecnomid,Arthropoda ,0,0,0,0,0,0,0,0,0,0,0
Tr_Glossos,Arthropoda ,0,0,0,0,0,0,0,0,0,0,0
Tr_Goerida,Arthropoda ,0,0,0,0,0,0,0,0,0,0,0
Tr_Helicophi,Arthropoda ,0,0,0,0,0,0,0,0,0,0,0
Tr_Helicopsy,Arthropoda ,0,0,0,0,0,0,0,0,0,0,0
Tr_Hydrobi,Arthropoda ,0,0,0,0,0,0,0,0,0,0,0
Tr_Hydrops,Arthropoda ,0,0,0,0,0,0,0,0,0,0,0
Tr_Hydropt,Arthropoda ,0,0,0,0,0,0,0,0,0,0,0
Tr_Hydrosa,Arthropoda ,0,0,0,0,0,0,0,0,0,0,0
Tr_Kokirii,Arthropoda ,0,0,0,0,0,0,0,0,0,0,0
Tr_Lepidos,Arthropoda ,0,0,0,0,0,0,0,0,0,0,0
Tr_Leptoce,Arthropoda ,0,0,0,0,0,0,0,0,0,0,0
Tr_Limneph,Arthropoda ,0,0,0,0,0,0,0,0,0,0,0
Tr_Limnoce,Arthropoda ,0,0,0,0,0,0,0,0,0,0,0
Tr_Molanni,Arthropoda ,0,0,0,0,0,0,0,0,0,0,0
Tr_Odontoc,Arthropoda ,0,0,0,0,0,0,0,0,0,0,0
Tr_Oecones,Arthropoda ,0,0,0,0,0,0,0,0,0,0,0
Tr_Philopo,Arthropoda ,0,0,0,0,0,0,0,0,0,0,0
Tr_Philorh,Arthropoda ,0,0,0,0,0,0,0,0,0,0,0
Tr_Phrygane,Arthropoda ,0,0,0,0,0,0,0,0,0,0,0
Tr_Phryganop,Arthropoda ,0,0,0,0,0,0,0,0,0,0,0
Tr_Pisulii,Arthropoda ,0,0,0,0,0,0,0,0,0,0,0
Tr_Polycen,Arthropoda ,0,0,0,0,0,0,0,0,0,0,0
Tr_Psychom,Arthropoda ,0,0,0,0,0,0,0,0,0,0,0
Tr_Rhyacop,Arthropoda ,0,0,0,0,0,0,0,0,0,0,0
Tr_Sericos,Arthropoda ,0,0,0,0,0,0,0,0,0,0,0
Tr_Stenops,Arthropoda ,0,0,0,0,0,0,0,0,0,0,0
Tr_Tasimii,Arthropoda ,0,0,0,0,0,0,0,0,0,0,0
Tr_Uenoida,Arthropoda ,0,0,0,0,0,0,0,0,0,0,0
Tr_Xiphoce,Arthropoda ,0,0,0,0,0,0,0,0,0,0,0
Trichostrongylidae,Nematoda,0,0,0,0,0,0,0,0,0,0,0
Turbanella,Gastrotricha ,0,0,0,0,0,0,0,0,0,0,0
U15663Oncorhynchus_mykiss,Chordata ,1,0,0,1,1,1,1,1,0,1,0
U71093Danio_rerio,Chordata ,1,0,0,1,0,1,1,1,0,0,0
ulobor,Arthropoda ,1,0,0,0,1,0,1,1,0,0,0
Valvata,Mollusca,0,0,0,0,0,0,0,0,0,0,0
Vampyrote,Mollusca,1,0,0,0,0,1,1,0,0,0,0
Veleropil,Mollusca,0,0,0,0,0,0,0,0,0,0,0
Wirenia,Mollusca,0,0,0,0,0,0,0,0,0,0,0
Xenopus_laevis,Chordata ,1,1,0,0,0,0,0,1,0,0,0
Xenoturbel,Xenoturbellida,0,0,0,0,0,0,0,0,0,0,0
Yoldia,Mollusca,0,0,0,0,0,0,0,0,0,0,0
Zoraptera,Arthropoda ,0,0,0,0,0,0,0,0,0,0,0
Zy_Lepidot,Arthropoda ,0,0,0,0,0,0,0,0,0,0,0
Zy_Lepisma,Arthropoda ,0,0,0,0,0,0,0,0,0,0,0
Zy_Nicolet,Arthropoda ,0,0,0,0,0,0,0,0,0,0,0